{"cameraMode":{"drawMode":0,"name":"Shaded","section":"Shading Mode"},"sceneLighting":false,"audioPlay":false,"sceneViewState":{"showFog":false,"showMaterialUpdate":true,"showSkybox":false,"showFlares":true,"showImageEffects":true,"showParticleSystems":true},"in2DMode":false,"pivot":{"x":-0.5362510681152344,"y":0.09888914227485657,"z":0.47763967514038088},"rotation":{"x":-0.01148042269051075,"y":0.7788914442062378,"z":-0.014261988922953606,"w":-0.6269000172615051},"size":0.8255671858787537,"orthographic":false}