{"cameraMode":{"drawMode":0,"name":"Shaded","section":"Shading Mode"},"sceneLighting":true,"audioPlay":false,"sceneViewState":{"showFog":false,"showMaterialUpdate":true,"showSkybox":true,"showFlares":true,"showImageEffects":true,"showParticleSystems":true},"in2DMode":false,"pivot":{"x":80.9127426147461,"y":6.163664817810059,"z":15.203287124633789},"rotation":{"x":0.029662733897566797,"y":0.03956955671310425,"z":0.0011752633145079017,"w":-0.9987765550613403},"size":22.82474708557129,"orthographic":false}