{"cameraMode":{"drawMode":0,"name":"Shaded","section":"Shading Mode"},"sceneLighting":false,"audioPlay":false,"sceneViewState":{"showFog":false,"showMaterialUpdate":true,"showSkybox":false,"showFlares":true,"showImageEffects":true,"showParticleSystems":true},"in2DMode":false,"pivot":{"x":-0.01311105489730835,"y":0.03271511197090149,"z":-0.015606850385665894},"rotation":{"x":0.148306205868721,"y":-0.7707054615020752,"z":0.1942732036113739,"w":0.5885488390922546},"size":0.8666488528251648,"orthographic":false}