{"cameraMode":{"drawMode":0,"name":"Shaded","section":"Shading Mode"},"sceneLighting":false,"audioPlay":false,"sceneViewState":{"showFog":false,"showMaterialUpdate":true,"showSkybox":false,"showFlares":true,"showImageEffects":true,"showParticleSystems":true},"in2DMode":false,"pivot":{"x":-12.283689498901368,"y":6.098374366760254,"z":-9.518135070800782},"rotation":{"x":-0.007506652269512415,"y":-0.9909170269966126,"z":0.11888068169355393,"w":-0.06284389644861222},"size":62.72095489501953,"orthographic":false}